"Post ID","Account ID","Account username","Account name",Description,"Duration (sec)","Publish time",Permalink,"Post type","Data comment",Date,Views,Reach,Likes,Shares,Follows,Comments,Saves
18071210846121413,17841474531446356,theheadachelab,"The Headache Lab","Neck pulling, stiffness, or involuntary head movement? It may be more than tension. 💭

Cervical dystonia is a neurological movement disorder that causes painful neck spasms and abnormal head posture — and many people go years without answers.

This patient’s story is proof: relief is possible.💚

📅 Book a consultation with our specialists  📍 Evergreen Park | Westmont opening soon
*
*
#CervicalDystonia #NeckSpasms #MovementDisorder #BotoxForDystonia #HeadacheLab",22,"01/10/2026 09:07",https://www.instagram.com/reel/DTVnpO7EQbG/,"IG reel",,Lifetime,266,188,8,0,0,2,3
18110164525646796,17841474531446356,theheadachelab,"The Headache Lab","Not all headaches are the same — and living with chronic migraines isn’t normal.🙇‍♀️ 
If you think your headaches are “just headaches,” they may actually be migraines.

🧠 Take our quick 2-minute migraine quiz to see if your headaches may be migraines and explore next steps for relief.

👉 Link in bio to get started or visit theheadachelab.com

⚲ Serving Evergreen Park and the Chicago suburbs ⚲ Westmont location coming soon
*
*
#MigraineRelief #ChronicMigraines #HeadacheSpecialist #MigraineTreatment",0,"01/16/2026 13:23",https://www.instagram.com/p/DTliVvgEuf-/,"IG carousel",,Lifetime,99,42,7,1,0,1,1
17988952850928068,17841474531446356,theheadachelab,"The Headache Lab","Meet one of the providers behind your migraine care 💜

Rachel Brucas, PA-C has been practicing since 2016 and understands migraines firsthand. As a migraine sufferer herself, she knows how disruptive they can be — and how meaningful real relief is.

Outside of the clinic, she enjoys crime podcasts and a good thriller 📚🎧

📍 Serving Evergreen Park and the Chicago suburbs
📍 Westmont location coming soon
👉 Learn more about our providers at theheadachelab.com (link in bio)
*
*
#MigraineCare #HeadacheSpecialist #MedicalBotox #EvergreenParkIL #ChicagoSuburbs",0,"01/19/2026 16:05",https://www.instagram.com/p/DTtjU6cDkTx/,"IG image",,Lifetime,409,231,33,1,1,0,0
17935085082013254,17841474531446356,theheadachelab,"The Headache Lab","Considering Botox for migraines but still have questions? 

You’re not alone — and getting the right information matters. Botox is an FDA-approved treatment for chronic migraine and can help reduce headache frequency, severity, and disruption to daily life.

At The Headache Lab, we specialize in medical migraine and headache care — not cosmetic treatments. Every treatment plan is personalized based on your symptoms, history, and goals. 💜

✨ Learn if Botox may be right for you�
✨ Take our quick 2-minute migraine quiz�
👉 Schedule your initial evaluation online or call us
📞 Visit theheadachelab.com or call (708) 942-6869
*
*
#MigraineRelief #ChronicMigraine #BotoxForMigraines #HeadacheSpecialist #ChicagoSuburbs",0,"01/26/2026 15:12",https://www.instagram.com/p/DT_ewzDDqQC/,"IG carousel",,Lifetime,346,214,10,1,0,0,1
18100474795698654,17841474531446356,theheadachelab,"The Headache Lab","Headaches aren’t something you’re supposed to just live with.🤕

If your headaches happen often, interfere with daily life, keep coming back, or don’t respond to over-the-counter medications, they may actually be migraines.

Migraines are a neurologic condition, not “just stress” or something you have to push through — and effective medical treatment options are available.

✨ Start with our quick 2-minute migraine quiz to see if your headaches may be migraines and learn what next steps could look like.
👉 Link in bio or visit theheadachelab.com

📍 Evergreen Park, IL�
📍 Westmont location coming soon
*
*
#migraineawareness #chronicmigraine #headacherelief #migrainesupport #MigraineTreatment",0,"01/31/2026 08:36",https://www.instagram.com/p/DULpbPTFr3w/,"IG carousel",,Lifetime,283,184,6,1,0,0,3
18434062504118609,17841474531446356,theheadachelab,"The Headache Lab","We loved connecting with the community at the Community Health Expo hosted by @bapa_org 💜

Our team was proud to share education around migraine and headache care, answer questions about Botox for chronic migraines, and help people understand that relief is possible. 

Thank you to everyone who stopped by, asked thoughtful questions, and shared their experiences with us. Community conversations like these are why we do what we do.

✨ Learn more about migraine treatment options
👉 Visit theheadachelab.com | Link in bio
📍 Evergreen Park | Westmont coming soon
*
*
#MigraineRelief #ChronicMigraine #CommunityHealth #HeadacheCare  #ChicagoSuburbs",0,"02/07/2026 12:39",https://www.instagram.com/p/DUeGzAoDQ_B/,"IG image",,Lifetime,275,95,22,0,0,1,0
17908944264166567,17841474531446356,theheadachelab,"The Headache Lab","Meet one of the providers behind your migraine care 💜 

Jessica Berger, PA-C has been practicing since 2017 and is passionate about truly getting to know her patients.

Outside of the clinic, Jessica loves running and is always training for her next race 🏃‍♀️✨ She’s completed multiple marathons and half marathons — dedication inside and outside the office.

📍 Serving Evergreen Park and the Chicago suburbs
📍 Westmont location coming soon
👉 Learn more about our providers at theheadachelab.com (link in bio)
*
*
#MigraineCare #HeadacheSpecialist #EvergreenParkIL #ChicagoSuburbs #PatientCenteredCare #MigraineRelief",0,"02/09/2026 17:00",https://www.instagram.com/p/DUjuPooj9E-/,"IG image",,Lifetime,128,64,12,0,0,0,0
18069921092551861,17841474531446356,theheadachelab,"The Headache Lab","Food for the brain 🧠

Okay… not exactly.

But at The Headache Lab, we spend every day thinking about the brain — how it processes pain, why migraines happen, and how we can reduce their frequency and severity.

Migraines aren’t “just headaches.” They’re a neurologic condition that deserve specialized care.

📍 Evergreen Park
📍 Westmont coming soon
🔗 Schedule your migraine evaluation through the link in bio
*
*
#MigraineCare #HeadacheSpecialist #NeurologyCare #EvergreenParkIL #ChicagoSuburbs",0,"02/20/2026 14:00",https://www.instagram.com/p/DU_ucrQCb5e/,"IG image",,Lifetime,243,117,15,3,0,0,0
17957495727071167,17841474531446356,theheadachelab,"The Headache Lab","Migraines are not “just stress.”

They’re a neurological disorder involving changes in brain signaling and nerve activation — often influenced by genetics. 🤯

Triggers like stress, hormones, sleep changes, weather, and screen time can spark an attack… but they aren’t the root cause.

If migraines happen 15+ days per month, it’s called chronic migraine — and it is treatable.

You don’t have to live with constant migraines.

📍 Serving Evergreen Park & the Chicago suburbs
📍 Westmont opening soon
📞 (708) 942-6869
🌐 theheadachelab.com
*
*
#ChronicMigraine #MigraineRelief #HeadacheSpecialist #ChicagoSuburbs #TheHeadacheLab",0,"03/02/2026 16:30",https://www.instagram.com/p/DVZvg8RlOlh/,"IG carousel",,Lifetime,447,263,10,1,1,0,0
17945112789141293,17841474531446356,theheadachelab,"The Headache Lab","Westmont — something new is coming April 13th 👀

The Headache Lab is opening soon — and we’re already booking patients.

If you’re tired of:
• Waking up with headaches
• Constant pressure or tension
• Treatments that don’t actually work

It’s time for a different approach.

📍 Opening April 13th in Westmont- Secure your spot now
📲 (708) 942-6869
👩‍💻www.theheadachelab.com
-
#WestmontIL #MigraineRelief #HeadacheTreatment #ChicagoHealth #PainRelief",28,"04/03/2026 13:02",https://www.instagram.com/reel/DWrqRFCAh0b/,"IG reel",,Lifetime,1004,789,24,7,2,3,3
